Time,prey,predator
0.000000000000000000e+00,6.000000000000000000e+00,3.000000000000000000e+00
1.001001001001001062e-01,7.273802443332771261e+00,3.163984398035298629e+00
2.002002002002002123e-01,7.944407442213901938e+00,3.359452151601220127e+00
3.003003003003003046e-01,8.216158342979026585e+00,3.575668245673241596e+00
4.004004004004004247e-01,8.281609318464228764e+00,3.805693340403874192e+00
5.005005005005005447e-01,8.250548344565094894e+00,4.045600545788986757e+00
6.006006006006006093e-01,8.175442556512338754e+00,4.293113476893644531e+00
7.007007007007007848e-01,8.079816281942441947e+00,4.546732568344143743e+00
8.008008008008008494e-01,7.974089638847656758e+00,4.805295279352142401e+00
9.009009009009009139e-01,7.862979512019261819e+00,5.067777127697416617e+00
1.001001001001001089e+00,7.748750511095073179e+00,5.333209153396575530e+00
1.101101101101101154e+00,7.632611383004680228e+00,5.600648831007197792e+00
1.201201201201201219e+00,7.515311965699149610e+00,5.869174702958488865e+00
1.301301301301301283e+00,7.397397098624364453e+00,6.137891069464323834e+00
1.401401401401401570e+00,7.279314175923500052e+00,6.405936391117939444e+00
1.501501501501501634e+00,7.161457148578236342e+00,6.672492295387521644e+00
1.601601601601601699e+00,7.044184776339736054e+00,6.936791957574325096e+00
1.701701701701701763e+00,6.927826177938604779e+00,7.198126972032317106e+00
1.801801801801801828e+00,6.812682557516799520e+00,7.455852872908056206e+00
1.901901901901902114e+00,6.699027508748740090e+00,7.709391493587701483e+00
2.002002002002002179e+00,6.587106432215006357e+00,7.958233144158928241e+00
2.102102102102102243e+00,6.477136182735375947e+00,8.201937061505876869e+00
2.202202202202202308e+00,6.369305024986282149e+00,8.440131130441946183e+00
2.302302302302302373e+00,6.263773678275660117e+00,8.672507168068978700e+00
2.402402402402402437e+00,6.160676233783084044e+00,8.898818835040625430e+00
2.502502502502502502e+00,6.060121695372885142e+00,9.118877691859266221e+00
2.602602602602602566e+00,5.962195221272397205e+00,9.332548618048191358e+00
2.702702702702703075e+00,5.866959644996502021e+00,9.539745443792659430e+00
2.802802802802803139e+00,5.774457867366554531e+00,9.740424787552779406e+00
2.902902902902903204e+00,5.684714905950269070e+00,9.934582815747544871e+00
3.003003003003003268e+00,5.597739659363842435e+00,1.012224968124253444e+01
3.103103103103103333e+00,5.513526420999584232e+00,1.030348509591201100e+01
3.203203203203203397e+00,5.432056197607865400e+00,1.047837412307356253e+01
3.303303303303303462e+00,5.353299650225279649e+00,1.064702325141700179e+01
3.403403403403403527e+00,5.277218989005937999e+00,1.080955643790332488e+01
3.503503503503503591e+00,5.203767698220186588e+00,1.096611230530810843e+01
3.603603603603603656e+00,5.132892863852875465e+00,1.111684084740776512e+01
3.703703703703703720e+00,5.064536506467857357e+00,1.126190099228012897e+01
3.803803803803804229e+00,4.998636457577994463e+00,1.140145801483150834e+01
3.903903903903904293e+00,4.935127465786759871e+00,1.153568161725862140e+01
4.004004004004004358e+00,4.873941840476860854e+00,1.166474426668082387e+01
4.104104104104104422e+00,4.815010255320436805e+00,1.178881964989800224e+01
4.204204204204204487e+00,4.758262594539167445e+00,1.190808137507414877e+01
4.304304304304304551e+00,4.703628163818357244e+00,1.202270189917280696e+01
4.404404404404404616e+00,4.651036343150519059e+00,1.213285159344749964e+01
4.504504504504504681e+00,4.600417013055539961e+00,1.223869810143520276e+01
4.604604604604604745e+00,4.551700773157435265e+00,1.234040598878678274e+01
4.704704704704704810e+00,4.504819435164040264e+00,1.243813536938050035e+01
4.804804804804804874e+00,4.459706189428972678e+00,1.253204236953099304e+01
4.904904904904904939e+00,4.416295558606501359e+00,1.262227872884191271e+01
5.005005005005005003e+00,4.374523715525536538e+00,1.270899144102152611e+01
5.105105105105105068e+00,4.334328532417711877e+00,1.279232264676322828e+01
5.205205205205205132e+00,4.295649724497839550e+00,1.287240942205437833e+01
5.305305305305305197e+00,4.258428927404493081e+00,1.294938416255510383e+01
5.405405405405406150e+00,4.222609649713060520e+00,1.302337431177535265e+01
5.505505505505506214e+00,4.188137243992425596e+00,1.309450244253353546e+01
5.605605605605606279e+00,4.154958971706445681e+00,1.316288621638476464e+01
5.705705705705706343e+00,4.123024025422903804e+00,1.322863870909435491e+01
5.805805805805806408e+00,4.092283458529918150e+00,1.329186844429905712e+01
5.905905905905906472e+00,4.062690146677677028e+00,1.335267944959177022e+01
6.006006006006006537e+00,4.034198794997490900e+00,1.341117140349887826e+01
6.106106106106106601e+00,4.006765849805919544e+00,1.346743986466431586e+01
6.206206206206206666e+00,3.980349469894577386e+00,1.352157626889458797e+01
6.306306306306306730e+00,3.954909436313995830e+00,1.357366809707845690e+01
6.406406406406406795e+00,3.930407390163501713e+00,1.362379854211664743e+01
6.506506506506506859e+00,3.906806266041343179e+00,1.367204811742226056e+01
6.606606606606606924e+00,3.884070698422896317e+00,1.371849335640472134e+01
6.706706706706706989e+00,3.862166694911203457e+00,1.376320765880253738e+01
6.806806806806807053e+00,3.841061737186294955e+00,1.380626100251482491e+01
6.906906906906907118e+00,3.820724428903443659e+00,1.384772054567698873e+01
7.007007007007007182e+00,3.801124760692319970e+00,1.388765028139692959e+01
7.107107107107107247e+00,3.782233986360763023e+00,1.392611161577973178e+01
7.207207207207207311e+00,3.764024620256787745e+00,1.396316315641448647e+01
7.307307307307307376e+00,3.746470332983665052e+00,1.399886103668914217e+01
7.407407407407407440e+00,3.729545896350165535e+00,1.403325886941453859e+01
7.507507507507508393e+00,3.713227006853526913e+00,1.406640801420061848e+01
7.607607607607608458e+00,3.697490407254481859e+00,1.409835757104639242e+01
7.707707707707708522e+00,3.682313572065341045e+00,1.412915504651309639e+01
7.807807807807808587e+00,3.667675890139239669e+00,1.415884388501363667e+01
7.907907907907908651e+00,3.653556251228176066e+00,1.418746861103113588e+01
8.008008008008008716e+00,3.639935274015790423e+00,1.421506992225751631e+01
8.108108108108108780e+00,3.626794095586156175e+00,1.424168730926627369e+01
8.208208208208208845e+00,3.614114663614075074e+00,1.426735856150322590e+01
8.308308308308308909e+00,3.601879719314515782e+00,1.429211976690449859e+01
8.408408408408408974e+00,3.590072654800580132e+00,1.431600560678827527e+01
8.508508508508509038e+00,3.578677514885018951e+00,1.433904934848306389e+01
8.608608608608609103e+00,3.567678950281780725e+00,1.436128295028283830e+01
8.708708708708709167e+00,3.557062480506422375e+00,1.438273650832912409e+01
8.808808808808809232e+00,3.546813658714777606e+00,1.440344004910245523e+01
8.908908908908909297e+00,3.536919241966633543e+00,1.442342103554108057e+01
9.009009009009009361e+00,3.527366121681939415e+00,1.444270664723432063e+01
9.109109109109109426e+00,3.518141915975036671e+00,1.446132251627271259e+01
9.209209209209209490e+00,3.509234672253203069e+00,1.447929334472691387e+01
9.309309309309309555e+00,3.500632807622097609e+00,1.449664302697099849e+01
9.409409409409409619e+00,3.492325428209587024e+00,1.451339399778683514e+01
9.509509509509509684e+00,3.484301837352507647e+00,1.452956834958264309e+01
9.609609609609609748e+00,3.476551842457878738e+00,1.454518711261331632e+01
9.709709709709709813e+00,3.469065657276662051e+00,1.456027045215135907e+01
9.809809809809809877e+00,3.461833841150125934e+00,1.457483779794378442e+01
9.909909909909909942e+00,3.454847379034090338e+00,1.458890768746178601e+01
1.001001001001001001e+01,3.448097487510767056e+00,1.460249810100529899e+01
1.011011011011011007e+01,3.441575783520996801e+00,1.461562617718397838e+01
1.021021021021021014e+01,3.435274189292630620e+00,1.462830843080233478e+01
1.031031031031031020e+01,3.429184927754205692e+00,1.464056078952476270e+01
1.041041041041041026e+01,3.423300536964966057e+00,1.465239850491166607e+01
1.051051051051051033e+01,3.417613836440275055e+00,1.466383625350671593e+01
1.061061061061061039e+01,3.412117955772826949e+00,1.467488813205903320e+01
1.071071071071071223e+01,3.406806259496597100e+00,1.468556776164151323e+01
1.081081081081081230e+01,3.401672334718494728e+00,1.469588832441954906e+01
1.091091091091091236e+01,3.396710007001257914e+00,1.470586240389435773e+01
1.101101101101101243e+01,3.391913315976980758e+00,1.471550205122223431e+01
1.111111111111111249e+01,3.387276476690665117e+00,1.472481893950291720e+01
1.121121121121121256e+01,3.382793917310398690e+00,1.473382431117988567e+01
1.131131131131131262e+01,3.378460405830082891e+00,1.474252896097238796e+01
1.141141141141141269e+01,3.374270877956972114e+00,1.475094330536925114e+01
1.151151151151151275e+01,3.370220473463251487e+00,1.475907738880099274e+01
1.161161161161161282e+01,3.366304374352766082e+00,1.476694086761547808e+01
1.171171171171171288e+01,3.362517873785774380e+00,1.477454304555838682e+01
1.181181181181181294e+01,3.358856403796867340e+00,1.478189290063150096e+01
1.191191191191191301e+01,3.355315755762529495e+00,1.478899908499937688e+01
1.201201201201201307e+01,3.351892153067513647e+00,1.479586991909194538e+01
1.211211211211211314e+01,3.348581429699731604e+00,1.480251343794567198e+01
1.221221221221221320e+01,3.345379785681215523e+00,1.480893738445189278e+01
1.231231231231231327e+01,3.342283530531245717e+00,1.481514922466294948e+01
1.241241241241241333e+01,3.339289116831783311e+00,1.482115615785270357e+01
1.251251251251251340e+01,3.336393102015890122e+00,1.482696512690734814e+01
1.261261261261261346e+01,3.333592178888409308e+00,1.483258282812506224e+01
1.271271271271271353e+01,3.330883160680880195e+00,1.483801570388952840e+01
1.281281281281281359e+01,3.328262955738495066e+00,1.484327000191904133e+01
1.291291291291291365e+01,3.325728594086567735e+00,1.484835172423171734e+01
1.301301301301301372e+01,3.323277198941065436e+00,1.485326668232031366e+01
1.311311311311311378e+01,3.320905995029485247e+00,1.485802047989769825e+01
1.321321321321321385e+01,3.318612308189783811e+00,1.486261851488631258e+01
1.331331331331331391e+01,3.316393554937953958e+00,1.486706600166888137e+01
1.341341341341341398e+01,3.314247231229758395e+00,1.487136799317545055e+01
1.351351351351351404e+01,3.312170928336157338e+00,1.487552934809263938e+01
1.361361361361361411e+01,3.310162339202428861e+00,1.487955471794603923e+01
1.371371371371371417e+01,3.308219179055894799e+00,1.488344870749308235e+01
1.381381381381381424e+01,3.306339291493494148e+00,1.488721566039877331e+01
1.391391391391391430e+01,3.304520625800710931e+00,1.489085970505731460e+01
1.401401401401401436e+01,3.302761169411708497e+00,1.489438489492460249e+01
1.411411411411411443e+01,3.301058921886801834e+00,1.489779526277198585e+01
1.421421421421421449e+01,3.299412001004783157e+00,1.490109459949684378e+01
1.431431431431431456e+01,3.297818596576269190e+00,1.490428655042309281e+01
1.441441441441441462e+01,3.296276935581630596e+00,1.490737468813126299e+01
1.451451451451451469e+01,3.294785311045647092e+00,1.491036245213569700e+01
1.461461461461461475e+01,3.293342088691816549e+00,1.491325313498285965e+01
1.471471471471471482e+01,3.291945689356757576e+00,1.491604991621503018e+01
1.481481481481481488e+01,3.290594556975743767e+00,1.491875592021111530e+01
1.491491491491491495e+01,3.289287206557893750e+00,1.492137412950945752e+01
1.501501501501501679e+01,3.288022211300080322e+00,1.492390740808928129e+01
1.511511511511511685e+01,3.286798176353893819e+00,1.492635855584300941e+01
1.521521521521521692e+01,3.285613743313157809e+00,1.492873029914251681e+01
1.531531531531531698e+01,3.284467619434181085e+00,1.493102522941184773e+01
1.541541541541541704e+01,3.283358562346627263e+00,1.493324583526827531e+01
1.551551551551551711e+01,3.282285375430162411e+00,1.493539451358851622e+01
1.561561561561561717e+01,3.281246866482244506e+00,1.493747366843938273e+01
1.571571571571571724e+01,3.280241899508867132e+00,1.493948558711413277e+01
1.581581581581581730e+01,3.279269389116065359e+00,1.494143245355665783e+01
1.591591591591591737e+01,3.278328293437279051e+00,1.494331636529019569e+01
1.601601601601601743e+01,3.277417596461421834e+00,1.494513937057857689e+01
1.611611611611611750e+01,3.276536293442536607e+00,1.494690349910738547e+01
1.621621621621621756e+01,3.275683436764039946e+00,1.494861066553877826e+01
1.631631631631631763e+01,3.274858116831053767e+00,1.495026270969186477e+01
1.641641641641641769e+01,3.274059459679218076e+00,1.495186140028438082e+01
1.651651651651651775e+01,3.273286581255595795e+00,1.495340849929323568e+01
1.661661661661661782e+01,3.272538630541406146e+00,1.495490570124896479e+01
1.671671671671671788e+01,3.271814798947799918e+00,1.495635462000894123e+01
1.681681681681681795e+01,3.271114307648085973e+00,1.495775680659029128e+01
1.691691691691691801e+01,3.270436159058830228e+00,1.495911428821177935e+01
1.701701701701701808e+01,3.269780234409120911e+00,1.496042715998220807e+01
1.711711711711711814e+01,3.269145301631315448e+00,1.496169795647981537e+01
1.721721721721721821e+01,3.268530724666725451e+00,1.496292791072249528e+01
1.731731731731731827e+01,3.267935867632504543e+00,1.496411825578535471e+01
1.741741741741741833e+01,3.267360125490730294e+00,1.496527023477995577e+01
1.751751751751751840e+01,3.266802903954597159e+00,1.496638509431610764e+01
1.761761761761761846e+01,3.266263594222468036e+00,1.496746407628072006e+01
1.771771771771771853e+01,3.265741633289801715e+00,1.496850834225133475e+01
1.781781781781781859e+01,3.265236511213890580e+00,1.496951896075675670e+01
1.791791791791791866e+01,3.264747677488589517e+00,1.497049707145745678e+01
1.801801801801801872e+01,3.264274596197931810e+00,1.497144375738576727e+01
1.811811811811811879e+01,3.263816769493467440e+00,1.497235995564462563e+01
1.821821821821821885e+01,3.263373677924878979e+00,1.497324668614635712e+01
1.831831831831831892e+01,3.262943396216970715e+00,1.497410769042912193e+01
1.841841841841841898e+01,3.262529397187248659e+00,1.497493622883679443e+01
1.851851851851851904e+01,3.262127941213952109e+00,1.497573954350141712e+01
1.861861861861861911e+01,3.261739019097924519e+00,1.497651765999618512e+01
1.871871871871871917e+01,3.261362521947923643e+00,1.497727086876443892e+01
1.881881881881881924e+01,3.260998167999340946e+00,1.497799978603750759e+01
1.891891891891891930e+01,3.260645441645760645e+00,1.497870544914677104e+01
1.901901901901901937e+01,3.260304195034602337e+00,1.497938815294812898e+01
1.911911911911911943e+01,3.259973974500948390e+00,1.498004879986684124e+01
1.921921921921921950e+01,3.259654351178653542e+00,1.498068824253818754e+01
1.931931931931931956e+01,3.259344903290522844e+00,1.498130731969721552e+01
1.941941941941941963e+01,3.259045368315139246e+00,1.498190655780532055e+01
1.951951951951951969e+01,3.258755462311869078e+00,1.498248652532336322e+01
1.961961961961961975e+01,3.258474856072090198e+00,1.498304787947507499e+01
1.971971971971971982e+01,3.258203227527286305e+00,1.498359126386934825e+01
1.981981981981981988e+01,3.257940324953318534e+00,1.498411718798161729e+01
1.991991991991991995e+01,3.257685873422249134e+00,1.498462620553258340e+01
2.002002002002002001e+01,3.257439585356677547e+00,1.498511889436308842e+01
2.012012012012012008e+01,3.257201226375420422e+00,1.498559572349681090e+01
2.022022022022022014e+01,3.256970456270906311e+00,1.498605737843386265e+01
2.032032032032032021e+01,3.256747125122962494e+00,1.498650415542610403e+01
2.042042042042042027e+01,3.256530962876832191e+00,1.498693659647039311e+01
2.052052052052052034e+01,3.256321717884082645e+00,1.498735520536541266e+01
2.062062062062062040e+01,3.256119177612097904e+00,1.498776040420045064e+01
2.072072072072072046e+01,3.255923124763731913e+00,1.498815262554923500e+01
2.082082082082082053e+01,3.255733352929614632e+00,1.498853227958400502e+01
2.092092092092092059e+01,3.255549668212296854e+00,1.498889975066313518e+01
2.102102102102102066e+01,3.255371884856121500e+00,1.498925540644187038e+01
2.112112112112112072e+01,3.255199793347261839e+00,1.498959966437658409e+01
2.122122122122122079e+01,3.255033205397562135e+00,1.498993289794357509e+01
2.132132132132132085e+01,3.254871946240430969e+00,1.499025545270039039e+01
2.142142142142142447e+01,3.254715849322207699e+00,1.499056765735314656e+01
2.152152152152152453e+01,3.254564755865044123e+00,1.499086982496728737e+01
2.162162162162162460e+01,3.254418499974841339e+00,1.499116229421681723e+01
2.172172172172172466e+01,3.254276922629456781e+00,1.499144539063864556e+01
2.182182182182182473e+01,3.254139875938069526e+00,1.499171941483464643e+01
2.192192192192192479e+01,3.254007218181765637e+00,1.499198465620865584e+01
2.202202202202202486e+01,3.253878813813536830e+00,1.499224139296645752e+01
2.212212212212212492e+01,3.253754530161292902e+00,1.499248989971937007e+01
2.222222222222222499e+01,3.253634237872890633e+00,1.499273044645789454e+01
2.232232232232232505e+01,3.253517815630532883e+00,1.499296328767930220e+01
2.242242242242242511e+01,3.253405147652271179e+00,1.499318866814970796e+01
2.252252252252252518e+01,3.253296123689767949e+00,1.499340682290923077e+01
2.262262262262262524e+01,3.253190577396181560e+00,1.499361800631405295e+01
2.272272272272272531e+01,3.253088400863735963e+00,1.499382243806444315e+01
2.282282282282282537e+01,3.252989501968397423e+00,1.499402032330464607e+01
2.292292292292292544e+01,3.252893776221226219e+00,1.499421186588697985e+01
2.302302302302302550e+01,3.252801123120514948e+00,1.499439726066645306e+01
2.312312312312312557e+01,3.252711442809109066e+00,1.499457670361773687e+01
2.322322322322322563e+01,3.252624620186042925e+00,1.499475043992302048e+01
2.332332332332332570e+01,3.252540574918934002e+00,1.499491861260410097e+01
2.342342342342342576e+01,3.252459217896011001e+00,1.499508139432501075e+01
2.352352352352352582e+01,3.252380463537658972e+00,1.499523895012981178e+01
2.362362362362362589e+01,3.252304229796419310e+00,1.499539143744259029e+01
2.372372372372372595e+01,3.252230430998771293e+00,1.499553904996327702e+01
2.382382382382382602e+01,3.252158987896802245e+00,1.499568195602851794e+01
2.392392392392392608e+01,3.252089830432021600e+00,1.499582028166334879e+01
2.402402402402402615e+01,3.252022888253596200e+00,1.499595416872551468e+01
2.412412412412412621e+01,3.251958094310052783e+00,1.499608375288035234e+01
2.422422422422422628e+01,3.251895384371379372e+00,1.499620916451922348e+01
2.432432432432432634e+01,3.251834664085752724e+00,1.499633059207079100e+01
2.442442442442442641e+01,3.251775888672584713e+00,1.499644812884476153e+01
2.452452452452452647e+01,3.251718998493533963e+00,1.499656189685327057e+01
2.462462462462462653e+01,3.251663936623899520e+00,1.499667201304168529e+01
2.472472472472472660e+01,3.251610648852623964e+00,1.499677858928861340e+01
2.482482482482482666e+01,3.251559072961122343e+00,1.499688174653707762e+01
2.492492492492492673e+01,3.251509132553842996e+00,1.499698162292623493e+01
2.502502502502502679e+01,3.251460795029419426e+00,1.499707829738171405e+01
2.512512512512512686e+01,3.251414009792819471e+00,1.499717187105592942e+01
2.522522522522522692e+01,3.251368728686259590e+00,1.499726244039883660e+01
2.532532532532532699e+01,3.251324905876276095e+00,1.499735009730677682e+01
2.542542542542542705e+01,3.251282477869164023e+00,1.499743496447874413e+01
2.552552552552552712e+01,3.251241407522508009e+00,1.499751711738805326e+01
2.562562562562562718e+01,3.251201653586363705e+00,1.499759663819628486e+01
2.572572572572572724e+01,3.251163174006222345e+00,1.499767360985005382e+01
2.582582582582582731e+01,3.251125927885242461e+00,1.499774811255320550e+01
2.592592592592592737e+01,3.251089875335953394e+00,1.499782022397832826e+01
2.602602602602602744e+01,3.251054977331957474e+00,1.499789001947826073e+01
2.612612612612612750e+01,3.251021205233596945e+00,1.499795757422607601e+01
2.622622622622622757e+01,3.250988520494432876e+00,1.499802295941070618e+01
2.632632632632632763e+01,3.250956886056394879e+00,1.499808624474960084e+01
2.642642642642642770e+01,3.250926267207319587e+00,1.499814749890074594e+01
2.652652652652652776e+01,3.250896629679114191e+00,1.499820678932461426e+01
2.662662662662662783e+01,3.250867939518604643e+00,1.499826418249949000e+01
2.672672672672672789e+01,3.250840162958384294e+00,1.499831974413679525e+01
2.682682682682682795e+01,3.250813286478336561e+00,1.499837350835291794e+01
2.692692692692692802e+01,3.250787277964278132e+00,1.499842553740519868e+01
2.702702702702702808e+01,3.250762102614947580e+00,1.499847589725142782e+01
2.712712712712712815e+01,3.250737731566897271e+00,1.499852464430567878e+01
2.722722722722722821e+01,3.250714136252709441e+00,1.499857183412939676e+01
2.732732732732732828e+01,3.250691288316641003e+00,1.499861752157785943e+01
2.742742742742742834e+01,3.250669159530269692e+00,1.499866176094661796e+01
2.752752752752752841e+01,3.250647745875733907e+00,1.499870457369422994e+01
2.762762762762762847e+01,3.250627025982326668e+00,1.499874600423782134e+01
2.772772772772772854e+01,3.250606968499827332e+00,1.499878611009414975e+01
2.782782782782782860e+01,3.250587552184101003e+00,1.499882493496565772e+01
2.792792792792792866e+01,3.250568756516907243e+00,1.499886252135839726e+01
2.802802802802802873e+01,3.250550561682266082e+00,1.499889891064701075e+01
2.812812812812812879e+01,3.250532948542825817e+00,1.499893414313972251e+01
2.822822822822822886e+01,3.250515897304957935e+00,1.499896824891118996e+01
2.832832832832832892e+01,3.250499389417502272e+00,1.499900126140217616e+01
2.842842842842842899e+01,3.250483407935996993e+00,1.499903322021531338e+01
2.852852852852852905e+01,3.250467935750501081e+00,1.499906415886930766e+01
2.862862862862862912e+01,3.250452956248344183e+00,1.499909410969645762e+01
2.872872872872872918e+01,3.250438453286714768e+00,1.499912310388104331e+01
2.882882882882882924e+01,3.250424411165250049e+00,1.499915117149772037e+01
2.892892892892892931e+01,3.250410818223826492e+00,1.499917834262488903e+01
2.902902902902902937e+01,3.250397662661692610e+00,1.499920464615147075e+01
2.912912912912912944e+01,3.250384928634539872e+00,1.499923010866609552e+01
2.922922922922922950e+01,3.250372603374435787e+00,1.499925475661489216e+01
2.932932932932932957e+01,3.250360674621379786e+00,1.499927861558638398e+01
2.942942942942942963e+01,3.250349130608050086e+00,1.499930171035349602e+01
2.952952952952952970e+01,3.250337960044552332e+00,1.499932406491554815e+01
2.962962962962962976e+01,3.250327147551383078e+00,1.499934570311003590e+01
2.972972972972972983e+01,3.250316677738737337e+00,1.499936664814208420e+01
2.982982982982982989e+01,3.250306543891575028e+00,1.499938692153735609e+01
2.992992992992993351e+01,3.250296735047648600e+00,1.499940654479969027e+01
3.003003003003003357e+01,3.250287240473924477e+00,1.499942553889083285e+01
3.013013013013013364e+01,3.250278049642499667e+00,1.499944392427355133e+01
3.023023023023023370e+01,3.250269152206511691e+00,1.499946172095473429e+01
3.033033033033033377e+01,3.250260537976053410e+00,1.499947894852849117e+01
3.043043043043043383e+01,3.250252196894083845e+00,1.499949562621926802e+01
3.053053053053053389e+01,3.250244129319097564e+00,1.499951176192189273e+01
3.063063063063063396e+01,3.250236321108098902e+00,1.499952737881931952e+01
3.073073073073073402e+01,3.250228763145549316e+00,1.499954249455173638e+01
3.083083083083083409e+01,3.250221447114818751e+00,1.499955712574819167e+01
3.093093093093093415e+01,3.250214364880663620e+00,1.499957128870321554e+01
3.103103103103103422e+01,3.250207508473606843e+00,1.499958499941087986e+01
3.113113113113113428e+01,3.250200870074320569e+00,1.499959827359887043e+01
3.123123123123123435e+01,3.250194441998004447e+00,1.499961112676254338e+01
3.133133133133133441e+01,3.250188219872081952e+00,1.499962356758794968e+01
3.143143143143143448e+01,3.250182200205149918e+00,1.499963560298650478e+01
3.153153153153153454e+01,3.250176373119657125e+00,1.499964725314210234e+01
3.163163163163163460e+01,3.250170732368210302e+00,1.499965853077629419e+01
3.173173173173173467e+01,3.250165271886980900e+00,1.499966944828543447e+01
3.183183183183183473e+01,3.250159985786623906e+00,1.499968001776119664e+01
3.193193193193193480e+01,3.250154868343200221e+00,1.499969025101110631e+01
3.203203203203203486e+01,3.250149913989092809e+00,1.499970015957906355e+01
3.213213213213213493e+01,3.250145117303931297e+00,1.499970975476587043e+01
3.223223223223223499e+01,3.250140475154406516e+00,1.499971903850837407e+01
3.233233233233233506e+01,3.250135981563166521e+00,1.499972802518901815e+01
3.243243243243243512e+01,3.250131631605362781e+00,1.499973672504189537e+01
3.253253253253253519e+01,3.250127420668778466e+00,1.499974514728203623e+01
3.263263263263263525e+01,3.250123344279214788e+00,1.499975330083013247e+01
3.273273273273273531e+01,3.250119398093221257e+00,1.499976119432533750e+01
3.283283283283283538e+01,3.250115577890834828e+00,1.499976883613808276e+01
3.293293293293293544e+01,3.250111879568311490e+00,1.499977623438287111e+01
3.303303303303303551e+01,3.250108299533927436e+00,1.499978339632156121e+01
3.313313313313313557e+01,3.250104834459562220e+00,1.499979032874083984e+01
3.323323323323323564e+01,3.250101480198079429e+00,1.499979703959124322e+01
3.333333333333333570e+01,3.250098233178524421e+00,1.499980353587908688e+01
3.343343343343343577e+01,3.250095089926790859e+00,1.499980982439315014e+01
3.353353353353353583e+01,3.250092047059227607e+00,1.499981591171617268e+01
3.363363363363363590e+01,3.250089101276248282e+00,1.499982180423633160e+01
3.373373373373373596e+01,3.250086249355936818e+00,1.499982750815873089e+01
3.383383383383383602e+01,3.250083488147656574e+00,1.499983302951688913e+01
3.393393393393393609e+01,3.250080816284848684e+00,1.499983837348836069e+01
3.403403403403403615e+01,3.250078230137792623e+00,1.499984354604180048e+01
3.413413413413413622e+01,3.250075726788614894e+00,1.499984855274169071e+01
3.423423423423423628e+01,3.250073303562320604e+00,1.499985339894706549e+01
3.433433433433433635e+01,3.250070957852962739e+00,1.499985808989077007e+01
3.443443443443443641e+01,3.250068687118746080e+00,1.499986263069033221e+01
3.453453453453453648e+01,3.250066488877125348e+00,1.499986702635885649e+01
3.463463463463463654e+01,3.250064360699909560e+00,1.499987128181589213e+01
3.473473473473473661e+01,3.250062301323209280e+00,1.499987539928742208e+01
3.483483483483483667e+01,3.250060309829940319e+00,1.499987938021979339e+01
3.493493493493493673e+01,3.250058382549339875e+00,1.499988323254025069e+01
3.503503503503503680e+01,3.250056517405747858e+00,1.499988696047179459e+01
3.513513513513513686e+01,3.250054712369061960e+00,1.499989056816151134e+01
3.523523523523523693e+01,3.250052965450414000e+00,1.499989405969011003e+01
3.533533533533533699e+01,3.250051274697847603e+00,1.499989743908145989e+01
3.543543543543543706e+01,3.250049638191992329e+00,1.499990071031212224e+01
3.553553553553553712e+01,3.250048054041743129e+00,1.499990387732088060e+01
3.563563563563563719e+01,3.250046520379935799e+00,1.499990694401827263e+01
3.573573573573573725e+01,3.250045035359022894e+00,1.499990991429613629e+01
3.583583583583583732e+01,3.250043597146751395e+00,1.499991279203712402e+01
3.593593593593593738e+01,3.250042203921839956e+00,1.499991558112425238e+01
3.603603603603603744e+01,3.250040859715013664e+00,1.499991826890081192e+01
3.613613613613613751e+01,3.250039559348577800e+00,1.499992086880734021e+01
3.623623623623623757e+01,3.250038300980331307e+00,1.499992338486409515e+01
3.633633633633633764e+01,3.250037083166051666e+00,1.499992581998514929e+01
3.643643643643643770e+01,3.250035904482156734e+00,1.499992817704401915e+01
3.653653653653653777e+01,3.250034763522507752e+00,1.499993045888001575e+01
3.663663663663663783e+01,3.250033658895210564e+00,1.499993266830458616e+01
3.673673673673673790e+01,3.250032589219415069e+00,1.499993480810767466e+01
3.683683683683683796e+01,3.250031553122116890e+00,1.499993688106406431e+01
3.693693693693693803e+01,3.250030549234959043e+00,1.499993888993972924e+01
3.703703703703703809e+01,3.250029576191031833e+00,1.499994083749818685e+01
3.713713713713713815e+01,3.250028632621675406e+00,1.499994272650684835e+01
3.723723723723723822e+01,3.250027720541298404e+00,1.499994455244416081e+01
3.733733733733733828e+01,3.250026840631214942e+00,1.499994631365964715e+01
3.743743743743743835e+01,3.250025988808894706e+00,1.499994801876462880e+01
3.753753753753753841e+01,3.250025164103550246e+00,1.499994966966439058e+01
3.763763763763763848e+01,3.250024365563723094e+00,1.499995126821998248e+01
3.773773773773773854e+01,3.250023592255437688e+00,1.499995281625165866e+01
3.783783783783783861e+01,3.250022843260358840e+00,1.499995431554230230e+01
3.793793793793793867e+01,3.250022117673944333e+00,1.499995576784086815e+01
3.803803803803803874e+01,3.250021414603601055e+00,1.499995717486580382e+01
3.813813813813813880e+01,3.250020733166840703e+00,1.499995853830849235e+01
3.823823823823823886e+01,3.250020072489434586e+00,1.499995985983668056e+01
3.833833833833833893e+01,3.250019431703567552e+00,1.499996114109791101e+01
3.843843843843843899e+01,3.250018810074861708e+00,1.499996238352227529e+01
3.853853853853853906e+01,3.250018211206617824e+00,1.499996358177558697e+01
3.863863863863863912e+01,3.250017631220307290e+00,1.499996474216676745e+01
3.873873873873873919e+01,3.250017069512202816e+00,1.499996586589683467e+01
3.883883883883883925e+01,3.250016525498035769e+00,1.499996695412908565e+01
3.893893893893893932e+01,3.250015998611976986e+00,1.499996800799124941e+01
3.903903903903903938e+01,3.250015488305621147e+00,1.499996902857762038e+01
3.913913913913913944e+01,3.250014994046967143e+00,1.499997001695121313e+01
3.923923923923923951e+01,3.250014515319400665e+00,1.499997097414590286e+01
3.933933933933933957e+01,3.250014051620675914e+00,1.499997190116857126e+01
3.943943943943943964e+01,3.250013602461898188e+00,1.499997279900125235e+01
3.953953953953953970e+01,3.250013167366505140e+00,1.499997366860327475e+01
3.963963963963963977e+01,3.250012745869250264e+00,1.499997451091340928e+01
3.973973973973973983e+01,3.250012337983538835e+00,1.499997532595843808e+01
3.983983983983983990e+01,3.250011943347439924e+00,1.499997611448268486e+01
3.993993993993993996e+01,3.250011561285865991e+00,1.499997687782957634e+01
4.004004004004004003e+01,3.250011191418042511e+00,1.499997761678286068e+01
4.014014014014014009e+01,3.250010833373591534e+00,1.499997833210849585e+01
4.024024024024024015e+01,3.250010486791665709e+00,1.499997902455649879e+01
4.034034034034034022e+01,3.250010151320082308e+00,1.499997969486280525e+01
4.044044044044044028e+01,3.250009826614457253e+00,1.499998034375112610e+01
4.054054054054054035e+01,3.250009512337337814e+00,1.499998097193479651e+01
4.064064064064064041e+01,3.250009208157337959e+00,1.499998158011863936e+01
4.074074074074074048e+01,3.250008913748271500e+00,1.499998216900081260e+01
4.084084084084084054e+01,3.250008628788285225e+00,1.499998273927467096e+01
4.094094094094094061e+01,3.250008353015640061e+00,1.499998329137856246e+01
4.104104104104104067e+01,3.250008086505839167e+00,1.499998382426069909e+01
4.114114114114114074e+01,3.250007828662532017e+00,1.499998433986730006e+01
4.124124124124124080e+01,3.250007579199377439e+00,1.499998483877162059e+01
4.134134134134134086e+01,3.250007337832353738e+00,1.499998532154109476e+01
4.144144144144144093e+01,3.250007104278975323e+00,1.499998578873878863e+01
4.154154154154154099e+01,3.250006878257514220e+00,1.499998624092489408e+01
4.164164164164164106e+01,3.250006659486220251e+00,1.499998667865818902e+01
4.174174174174174112e+01,3.250006447682537658e+00,1.499998710249752065e+01
4.184184184184184119e+01,3.250006242562326619e+00,1.499998751300327449e+01
4.194194194194194125e+01,3.250006043839083869e+00,1.499998791073884874e+01
4.204204204204204132e+01,3.250005851223158437e+00,1.499998829627213226e+01
4.214214214214214138e+01,3.250005664420974938e+00,1.499998867017697535e+01
4.224224224224224145e+01,3.250005486732670423e+00,1.499998902621759989e+01
4.234234234234234151e+01,3.250005316776464426e+00,1.499998936702645835e+01
4.244244244244244157e+01,3.250005152846471734e+00,1.499998969584851238e+01
4.254254254254254164e+01,3.250004994731123364e+00,1.499999001309630842e+01
4.264264264264264170e+01,3.250004842216378087e+00,1.499999031918558323e+01
4.274274274274274887e+01,3.250004695085062956e+00,1.499999061453650029e+01
4.284284284284284894e+01,3.250004553116208061e+00,1.499999089957491449e+01
4.294294294294294900e+01,3.250004416084384840e+00,1.499999117473361387e+01
4.304304304304304907e+01,3.250004283759044821e+00,1.499999144045357369e+01
4.314314314314314913e+01,3.250004155903855274e+00,1.499999169718520697e+01
4.324324324324324920e+01,3.250004032276037513e+00,1.499999194538961333e+01
4.334334334334334926e+01,3.250003912625705205e+00,1.499999218553983305e+01
4.344344344344344933e+01,3.250003796695200453e+00,1.499999241812209405e+01
4.354354354354354939e+01,3.250003684218431665e+00,1.499999264363706608e+01
4.364364364364364945e+01,3.250003574920211413e+00,1.499999286260110942e+01
4.374374374374374952e+01,3.250003468515594740e+00,1.499999307554752370e+01
4.384384384384384958e+01,3.250003364709214360e+00,1.499999328302780022e+01
4.394394394394394965e+01,3.250003263194619851e+00,1.499999348561287782e+01
4.404404404404404971e+01,3.250003163653615523e+00,1.499999368389438459e+01
4.414414414414414978e+01,3.250003065755596499e+00,1.499999387848589194e+01
4.424424424424424984e+01,3.250002969156887023e+00,1.499999407002417051e+01
4.434434434434434991e+01,3.250002877744733176e+00,1.499999425160990363e+01
4.444444444444444997e+01,3.250002797316646763e+00,1.499999441294128921e+01
4.454454454454455004e+01,3.250002719850009214e+00,1.499999456833289813e+01
4.464464464464465010e+01,3.250002645206828245e+00,1.499999471805549334e+01
4.474474474474475016e+01,3.250002573246300930e+00,1.499999486238511359e+01
4.484484484484485023e+01,3.250002503824449551e+00,1.499999500160378574e+01
4.494494494494495029e+01,3.250002436793764549e+00,1.499999513600023704e+01
4.504504504504505036e+01,3.250002372002839479e+00,1.499999526587061460e+01
4.514514514514515042e+01,3.250002309296012193e+00,1.499999539151919059e+01
4.524524524524525049e+01,3.250002248513002456e+00,1.499999551325908698e+01
4.534534534534535055e+01,3.250002189488551796e+00,1.499999563141297720e+01
4.544544544544545062e+01,3.250002132052061121e+00,1.499999574631381094e+01
4.554554554554555068e+01,3.250002076027230569e+00,1.499999585830552462e+01
4.564564564564565075e+01,3.250002021231696681e+00,1.499999596774375021e+01
4.574574574574575081e+01,3.250001967476674025e+00,1.499999607499653820e+01
4.584584584584585087e+01,3.250001914566590600e+00,1.499999618044506633e+01
4.594594594594595094e+01,3.250001862298729893e+00,1.499999628448435196e+01
4.604604604604605100e+01,3.250001810462867180e+00,1.499999638752397146e+01
4.614614614614615107e+01,3.250001758840908916e+00,1.499999648998876722e+01
4.624624624624625113e+01,3.250001707206533030e+00,1.499999659231956883e+01
4.634634634634635120e+01,3.250001655324825656e+00,1.499999669497390542e+01
4.644644644644645126e+01,3.250001602951921420e+00,1.499999679842671263e+01
4.654654654654655133e+01,3.250001560825558578e+00,1.499999688214118443e+01
4.664664664664665139e+01,3.250001520212574491e+00,1.499999696283619954e+01
4.674674674674675146e+01,3.250001480745178029e+00,1.499999704122480182e+01
4.684684684684685152e+01,3.250001442365049620e+00,1.499999711742827024e+01
4.694694694694695158e+01,3.250001405014444344e+00,1.499999719156718037e+01
4.704704704704705165e+01,3.250001368636076915e+00,1.499999726376165121e+01
4.714714714714715171e+01,3.250001333173011098e+00,1.499999733413157621e+01
4.724724724724725178e+01,3.250001298568543806e+00,1.499999740279686655e+01
4.734734734734735184e+01,3.250001264766094522e+00,1.499999746987769456e+01
4.744744744744745191e+01,3.250001231709089389e+00,1.499999753549472103e+01
4.754754754754755197e+01,3.250001199340851521e+00,1.499999759976935110e+01
4.764764764764765204e+01,3.250001167604484209e+00,1.499999766282395974e+01
4.774774774774775210e+01,3.250001136442760341e+00,1.499999772478213522e+01
4.784784784784785217e+01,3.250001105798007828e+00,1.499999778576892595e+01
4.794794794794795223e+01,3.250001075611998136e+00,1.499999784591106611e+01
4.804804804804805229e+01,3.250001045825830825e+00,1.499999790533722610e+01
4.814814814814815236e+01,3.250001016379821639e+00,1.499999796417825060e+01
4.824824824824825242e+01,3.250000987213389259e+00,1.499999802256739123e+01
4.834834834834835249e+01,3.250000958264942952e+00,1.499999808064055173e+01
4.844844844844845255e+01,3.250000929471767552e+00,1.499999813853652952e+01
4.854854854854855262e+01,3.250000900769911993e+00,1.499999819639724485e+01
4.864864864864865268e+01,3.250000873944487445e+00,1.499999825017329869e+01
4.874874874874875275e+01,3.250000848732547354e+00,1.499999830045831750e+01
4.884884884884885281e+01,3.250000824059648519e+00,1.499999834968578405e+01
4.894894894894895288e+01,3.250000799916759053e+00,1.499999839787425948e+01
4.904904904904905294e+01,3.250000776296150029e+00,1.499999844503959423e+01
4.914914914914915300e+01,3.250000753191347957e+00,1.499999849119501505e+01
4.924924924924925307e+01,3.250000730597091714e+00,1.499999853635120672e+01
4.934934934934935313e+01,3.250000708509287239e+00,1.499999858051639556e+01
4.944944944944945320e+01,3.250000686924964022e+00,1.499999862369644177e+01
4.954954954954955326e+01,3.250000665842228020e+00,1.499999866589490871e+01
4.964964964964965333e+01,3.250000645260219034e+00,1.499999870711316419e+01
4.974974974974975339e+01,3.250000625179065405e+00,1.499999874735044791e+01
4.984984984984985346e+01,3.250000605599839609e+00,1.499999878660397279e+01
4.994994994994995352e+01,3.250000586524512070e+00,1.499999882486899061e+01
5.005005005005005358e+01,3.250000567955909414e+00,1.499999886213889155e+01
5.015015015015015365e+01,3.250000549897666957e+00,1.499999889840528233e+01
5.025025025025025371e+01,3.250000532354184735e+00,1.499999893365806969e+01
5.035035035035035378e+01,3.250000515330583983e+00,1.499999896788554565e+01
5.045045045045045384e+01,3.250000498832661400e+00,1.499999900107446926e+01
5.055055055055055391e+01,3.250000482866844731e+00,1.499999903321015715e+01
5.065065065065065397e+01,3.250000467440147478e+00,1.499999906427655993e+01
5.075075075075075404e+01,3.250000452408364104e+00,1.499999909456476388e+01
5.085085085085085410e+01,3.250000437411161514e+00,1.499999912480488717e+01
5.095095095095095417e+01,3.250000422849013137e+00,1.499999915418073293e+01
5.105105105105105423e+01,3.250000408718586531e+00,1.499999918269653598e+01
5.115115115115115429e+01,3.250000395016281463e+00,1.499999921035685979e+01
5.125125125125125436e+01,3.250000381738173516e+00,1.499999923716672434e+01
5.135135135135135442e+01,3.250000368879953694e+00,1.499999926313170917e+01
5.145145145145145449e+01,3.250000356436871130e+00,1.499999928825807238e+01
5.155155155155155455e+01,3.250000344403672248e+00,1.499999931255285723e+01
5.165165165165165462e+01,3.250000332774545253e+00,1.499999933602400759e+01
5.175175175175175468e+01,3.250000321543058401e+00,1.499999935868048340e+01
5.185185185185185475e+01,3.250000310702103601e+00,1.499999938053236903e+01
5.195195195195195481e+01,3.250000300243835571e+00,1.499999940159098877e+01
5.205205205205205488e+01,3.250000290159615446e+00,1.499999942186901514e+01
5.215215215215215494e+01,3.250000280439950373e+00,1.499999944138058616e+01
5.225225225225225500e+01,3.250000271074435787e+00,1.499999946014141727e+01
5.235235235235235507e+01,3.250000262051695898e+00,1.499999947816891321e+01
5.245245245245245513e+01,3.250000253359326408e+00,1.499999949548227818e+01
5.255255255255255520e+01,3.250000244983833220e+00,1.499999951210263305e+01
5.265265265265265526e+01,3.250000236910577378e+00,1.499999952805312198e+01
5.275275275275275533e+01,3.250000229123712892e+00,1.499999954335903318e+01
5.285285285285285539e+01,3.250000221606130779e+00,1.499999955804790552e+01
5.295295295295295546e+01,3.250000214783662855e+00,1.499999957163688435e+01
5.305305305305305552e+01,3.250000208335686036e+00,1.499999958450553628e+01
5.315315315315315559e+01,3.250000202203639166e+00,1.499999959673188776e+01
5.325325325325325565e+01,3.250000196374642769e+00,1.499999960834222001e+01
5.335335335335335571e+01,3.250000190834758662e+00,1.499999961936504889e+01
5.345345345345345578e+01,3.250000185568941991e+00,1.499999962983122970e+01
5.355355355355355584e+01,3.250000180560992380e+00,1.499999963977406203e+01
5.365365365365365591e+01,3.250000175793507751e+00,1.499999964922938211e+01
5.375375375375375597e+01,3.250000171247835912e+00,1.499999965823566583e+01
5.385385385385385604e+01,3.250000166904025711e+00,1.499999966683413177e+01
5.395395395395395610e+01,3.250000162740781740e+00,1.499999967506883713e+01
5.405405405405405617e+01,3.250000158735414146e+00,1.499999968298677899e+01
5.415415415415415623e+01,3.250000154863791568e+00,1.499999969063799554e+01
5.425425425425425630e+01,3.250000151100294499e+00,1.499999969807566380e+01
5.435435435435435636e+01,3.250000147417765994e+00,1.499999970535620086e+01
5.445445445445445642e+01,3.250000143787465490e+00,1.499999971253936515e+01
5.455455455455455649e+01,3.250000140179018615e+00,1.499999971968835411e+01
5.465465465465465655e+01,3.250000136560372344e+00,1.499999972686990724e+01
5.475475475475475662e+01,3.250000132897745697e+00,1.499999973415440024e+01
5.485485485485485668e+01,3.250000129155581785e+00,1.499999974161595340e+01
5.495495495495495675e+01,3.250000125296500286e+00,1.499999974933252389e+01
5.505505505505505681e+01,3.250000123313848022e+00,1.499999975315117773e+01
5.515515515515515688e+01,3.250000123247847483e+00,1.499999975298828225e+01
5.525525525525525694e+01,3.250000123449700684e+00,1.499999975227923876e+01
5.535535535535535701e+01,3.250000123905814053e+00,1.499999975105261640e+01
5.545545545545545707e+01,3.250000124601593043e+00,1.499999974933911950e+01
5.555555555555555713e+01,3.250000125521409267e+00,1.499999974717164619e+01
5.565565565565565720e+01,3.250000126648567633e+00,1.499999974458535945e+01
5.575575575575575726e+01,3.250000127965277485e+00,1.499999974161775462e+01
5.585585585585585733e+01,3.250000129452615738e+00,1.499999973830873223e+01
5.595595595595595739e+01,3.250000131090498456e+00,1.499999973470065484e+01
5.605605605605605746e+01,3.250000132857646662e+00,1.499999973083842519e+01
5.615615615615615752e+01,3.250000134731553914e+00,1.499999972676954840e+01
5.625625625625625759e+01,3.250000136688455665e+00,1.499999972254419944e+01
5.635635635635635765e+01,3.250000138703295072e+00,1.499999971821529599e+01
5.645645645645645772e+01,3.250000140749692346e+00,1.499999971383855701e+01
5.655655655655655778e+01,3.250000142799911451e+00,1.499999970947258277e+01
5.665665665665665784e+01,3.250000144824828574e+00,1.499999970517890802e+01
5.675675675675675791e+01,3.250000146793898814e+00,1.499999970102208202e+01
5.685685685685685797e+01,3.250000148675125100e+00,1.499999969706973069e+01
5.695695695695695804e+01,3.250000150435026214e+00,1.499999969339262762e+01
5.705705705705705810e+01,3.250000152038602597e+00,1.499999969006475276e+01
5.715715715715715817e+01,3.250000153449306151e+00,1.499999968716337229e+01
5.725725725725725823e+01,3.250000154629006488e+00,1.499999968476909906e+01
5.735735735735735830e+01,3.250000155537960289e+00,1.499999968296596187e+01
5.745745745745745836e+01,3.250000156134777551e+00,1.499999968184147292e+01
5.755755755755755843e+01,3.250000156376389615e+00,1.499999968148669538e+01
5.765765765765765849e+01,3.250000156218018077e+00,1.499999968199631262e+01
5.775775775775775855e+01,3.250000155613141040e+00,1.499999968346869217e+01
5.785785785785785862e+01,3.250000154513462025e+00,1.499999968600596034e+01
5.795795795795795868e+01,3.250000152868875780e+00,1.499999968971406261e+01
5.805805805805805875e+01,3.250000150627439854e+00,1.499999969470283467e+01
5.815815815815815881e+01,3.250000147735338185e+00,1.499999970108606995e+01
5.825825825825825888e+01,3.250000144136850899e+00,1.499999970898158708e+01
5.835835835835835894e+01,3.250000143682554299e+00,1.499999971017908962e+01
5.845845845845845901e+01,3.250000145644422300e+00,1.499999970622965861e+01
5.855855855855855907e+01,3.250000147594035660e+00,1.499999970230951085e+01
5.865865865865865914e+01,3.250000149521837578e+00,1.499999969843790026e+01
5.875875875875875920e+01,3.250000151418022121e+00,1.499999969463457283e+01
5.885885885885885926e+01,3.250000153272529335e+00,1.499999969091977370e+01
5.895895895895895933e+01,3.250000155075039920e+00,1.499999968731426137e+01
5.905905905905905939e+01,3.250000156814967678e+00,1.499999968383932014e+01
5.915915915915915946e+01,3.250000158481455070e+00,1.499999968051676547e+01
5.925925925925925952e+01,3.250000160063368337e+00,1.499999967736896522e+01
5.935935935935935959e+01,3.250000161549289945e+00,1.499999967441883797e+01
5.945945945945945965e+01,3.250000162927513703e+00,1.499999967168987425e+01
5.955955955955955972e+01,3.250000164186039431e+00,1.499999966920614547e+01
5.965965965965965978e+01,3.250000165312566303e+00,1.499999966699231102e+01
5.975975975975975985e+01,3.250000166294487958e+00,1.499999966507363425e+01
5.985985985985986702e+01,3.250000167118887173e+00,1.499999966347598779e+01
5.995995995995996708e+01,3.250000167772528759e+00,1.499999966222587489e+01
6.006006006006006714e+01,3.250000168241854670e+00,1.499999966135042762e+01
6.016016016016016721e+01,3.250000168512978238e+00,1.499999966087742820e+01
6.026026026026026727e+01,3.250000168571677950e+00,1.499999966083531611e+01
6.036036036036036734e+01,3.250000168403393452e+00,1.499999966125319695e+01
6.046046046046046740e+01,3.250000167993217559e+00,1.499999966216086023e+01
6.056056056056056747e+01,3.250000167325891365e+00,1.499999966358878289e+01
6.066066066066066753e+01,3.250000166385799361e+00,1.499999966556814712e+01
6.076076076076076760e+01,3.250000165156963217e+00,1.499999966813084384e+01
6.086086086086086766e+01,3.250000163623034677e+00,1.499999967130949230e+01
6.096096096096096772e+01,3.250000161767292894e+00,1.499999967513744537e+01
6.106106106106106779e+01,3.250000159572635106e+00,1.499999967964880554e+01
6.116116116116116785e+01,3.250000157021573965e+00,1.499999968487842672e+01
6.126126126126126792e+01,3.250000154096229998e+00,1.499999969086193552e+01
6.136136136136136798e+01,3.250000150778326713e+00,1.499999969763574192e+01
6.146146146146146805e+01,3.250000147049184385e+00,1.499999970523704285e+01
6.156156156156156811e+01,3.250000142889714727e+00,1.499999971370383633e+01
6.166166166166166818e+01,3.250000140184183373e+00,1.499999971924939324e+01
6.176176176176176824e+01,3.250000138262701288e+00,1.499999972321943176e+01
6.186186186186186831e+01,3.250000136235351889e+00,1.499999972740178578e+01
6.196196196196196837e+01,3.250000134105123450e+00,1.499999973179001422e+01
6.206206206206206843e+01,3.250000131875364406e+00,1.499999973637693174e+01
6.216216216216216850e+01,3.250000129549788230e+00,1.499999974115459445e+01
6.226226226226226856e+01,3.250000127132480987e+00,1.499999974611429465e+01
6.236236236236236863e+01,3.250000124627905773e+00,1.499999975124653950e+01
6.246246246246246869e+01,3.250000122040909378e+00,1.499999975654104567e+01
6.256256256256256876e+01,3.250000119376728502e+00,1.499999976198672336e+01
6.266266266266266882e+01,3.250000116640994197e+00,1.499999976757166742e+01
6.276276276276276889e+01,3.250000113839740301e+00,1.499999977328314138e+01
6.286286286286286895e+01,3.250000110979406109e+00,1.499999977910756854e+01
6.296296296296296902e+01,3.250000108066845694e+00,1.499999978503051423e+01
6.306306306306306908e+01,3.250000105109330573e+00,1.499999979103668046e+01
6.316316316316316914e+01,3.250000102114558143e+00,1.499999979710989173e+01
6.326326326326326921e+01,3.250000099090657013e+00,1.499999980323307902e+01
6.336336336336336927e+01,3.250000096046191000e+00,1.499999980938827271e+01
6.346346346346346934e+01,3.250000092990168898e+00,1.499999981555658479e+01
6.356356356356356940e+01,3.250000089932045810e+00,1.499999982171820179e+01
6.366366366366366947e+01,3.250000086881732475e+00,1.499999982785236874e+01
6.376376376376376953e+01,3.250000083849600152e+00,1.499999983393738212e+01
6.386386386386386960e+01,3.250000080846486394e+00,1.499999983995057207e+01
6.396396396396396966e+01,3.250000077883700378e+00,1.499999984586828994e+01
6.406406406406406973e+01,3.250000074973030451e+00,1.499999985166590299e+01
6.416416416416416268e+01,3.250000072126747686e+00,1.499999985731777308e+01
6.426426426426426985e+01,3.250000069357614763e+00,1.499999986279724951e+01
6.436436436436436281e+01,3.250000066678888633e+00,1.499999986807666019e+01
6.446446446446446998e+01,3.250000064104329400e+00,1.499999987312729033e+01
6.456456456456456294e+01,3.250000061648204319e+00,1.499999987791937706e+01
6.466466466466467011e+01,3.250000059325294455e+00,1.499999988242209703e+01
6.476476476476476307e+01,3.250000057150899568e+00,1.499999988660355044e+01
6.486486486486487024e+01,3.250000055140846555e+00,1.499999989043075033e+01
6.496496496496496320e+01,3.250000052216087898e+00,1.499999989620578411e+01
6.506506506506507037e+01,3.250000048921334983e+00,1.499999990276777950e+01
6.516516516516516333e+01,3.250000045639990454e+00,1.499999990929992322e+01
6.526526526526527050e+01,3.250000042377590326e+00,1.499999991579131375e+01
6.536536536536536346e+01,3.250000039139809616e+00,1.499999992223078848e+01
6.546546546546547063e+01,3.250000035932461007e+00,1.499999992860693254e+01
6.556556556556556359e+01,3.250000032761493962e+00,1.499999993490806816e+01
6.566566566566567076e+01,3.250000029632996945e+00,1.499999994112226354e+01
6.576576576576576372e+01,3.250000026553194310e+00,1.499999994723733288e+01
6.586586586586587089e+01,3.250000023528448079e+00,1.499999995324083280e+01
6.596596596596596385e+01,3.250000020565257941e+00,1.499999995912006767e+01
6.606606606606607102e+01,3.250000017670259034e+00,1.499999996486208964e+01
6.616616616616616398e+01,3.250000014850224161e+00,1.499999997045369504e+01
6.626626626626627115e+01,3.250000012112062464e+00,1.499999997588142975e+01
6.636636636636636410e+01,3.250000009462819417e+00,1.499999998113159094e+01
6.646646646646647127e+01,3.250000006909676387e+00,1.499999998619022179e+01
6.656656656656656423e+01,3.250000004459950631e+00,1.499999999104311854e+01
6.666666666666667140e+01,3.250000002121095299e+00,1.499999999567582698e+01
6.676676676676676436e+01,3.249999999900700320e+00,1.500000000007364243e+01
6.686686686686687153e+01,3.249999997806489294e+00,1.500000000422161861e+01
6.696696696696696449e+01,3.249999995846322154e+00,1.500000000810455703e+01
6.706706706706707166e+01,3.249999994028193839e+00,1.500000001170701580e+01
6.716716716716716462e+01,3.249999992360234735e+00,1.500000001501330615e+01
6.726726726726727179e+01,3.249999990850709342e+00,1.500000001800749594e+01
6.736736736736736475e+01,3.249999989508017162e+00,1.500000002067340787e+01
6.746746746746747192e+01,3.249999988340692259e+00,1.500000002299462487e+01
6.756756756756756488e+01,3.249999987357402365e+00,1.500000002495448115e+01
6.766766766766767205e+01,3.249999986566950660e+00,1.500000002653607645e+01
6.776776776776776501e+01,3.249999985978273553e+00,1.500000002772226537e+01
6.786786786786787218e+01,3.249999985600441121e+00,1.500000002849566094e+01
6.796796796796796514e+01,3.249999985442657113e+00,1.500000002883863992e+01
6.806806806806807231e+01,3.249999985514259393e+00,1.500000002873333749e+01
6.816816816816816527e+01,3.249999985824719051e+00,1.500000002816165612e+01
6.826826826826827244e+01,3.249999985321032181e+00,1.500000002915167130e+01
6.836836836836837961e+01,3.249999984650071116e+00,1.500000003045778740e+01
6.846846846846847257e+01,3.249999984067417635e+00,1.500000003158798911e+01
6.856856856856857974e+01,3.249999983571993489e+00,1.500000003254456615e+01
6.866866866866867269e+01,3.249999983162482398e+00,1.500000003333029497e+01
6.876876876876877986e+01,3.249999982837324719e+00,1.500000003394843517e+01
6.886886886886887282e+01,3.249999982594710346e+00,1.500000003440275620e+01
6.896896896896897999e+01,3.249999982432574708e+00,1.500000003469753196e+01
6.906906906906907295e+01,3.249999982348593441e+00,1.500000003483756750e+01
6.916916916916918012e+01,3.249999982340175286e+00,1.500000003482819899e+01
6.926926926926927308e+01,3.249999982404457644e+00,1.500000003467531151e+01
6.936936936936938025e+01,3.249999982538300802e+00,1.500000003438534435e+01
6.946946946946947321e+01,3.249999982738282167e+00,1.500000003396530524e+01
6.956956956956958038e+01,3.249999983000691373e+00,1.500000003342278809e+01
6.966966966966967334e+01,3.249999983321522734e+00,1.500000003276596949e+01
6.976976976976978051e+01,3.249999983696473471e+00,1.500000003200363174e+01
6.986986986986987347e+01,3.249999984120933050e+00,1.500000003114517177e+01
6.996996996996998064e+01,3.249999984589982738e+00,1.500000003020060468e+01
7.007007007007007360e+01,3.249999985098386723e+00,1.500000002918058861e+01
7.017017017017018077e+01,3.249999985640586786e+00,1.500000002809642297e+01
7.027027027027027373e+01,3.249999986210698744e+00,1.500000002696006440e+01
7.037037037037038090e+01,3.249999986802504903e+00,1.500000002578414104e+01
7.047047047047047386e+01,3.249999987409448732e+00,1.500000002458195958e+01
7.057057057057058103e+01,3.249999988024630859e+00,1.500000002336751770e+01
7.067067067067067399e+01,3.249999988640801973e+00,1.500000002215551476e+01
7.077077077077078116e+01,3.249999989250357046e+00,1.500000002096136242e+01
7.087087087087087411e+01,3.249999989845330894e+00,1.500000001980119890e+01
7.097097097097098128e+01,3.249999990417392404e+00,1.500000001869189603e+01
7.107107107107107424e+01,3.249999990957837870e+00,1.500000001765107172e+01
7.117117117117118141e+01,3.249999991457587445e+00,1.500000001669710414e+01
7.127127127127127437e+01,3.249999991907177144e+00,1.500000001584913711e+01
7.137137137137138154e+01,3.249999992296755291e+00,1.500000001512709424e+01
7.147147147147147450e+01,3.249999992616075861e+00,1.500000001455169496e+01
7.157157157157158167e+01,3.249999993197683068e+00,1.500000001336920974e+01
7.167167167167167463e+01,3.249999994487220878e+00,1.500000001082501910e+01
7.177177177177178180e+01,3.249999995793917407e+00,1.500000000824654478e+01
7.187187187187187476e+01,3.249999997114633832e+00,1.500000000564002178e+01
7.197197197197198193e+01,3.249999998446025273e+00,1.500000000301208836e+01
7.207207207207207489e+01,3.249999999784537685e+00,1.500000000036977887e+01
7.217217217217218206e+01,3.250000001126410076e+00,1.499999999772053094e+01
7.227227227227227502e+01,3.250000002467673177e+00,1.499999999507218540e+01
7.237237237237238219e+01,3.250000003804151660e+00,1.499999999243297744e+01
7.247247247247247515e+01,3.250000005131461034e+00,1.499999998981154903e+01
7.257257257257258232e+01,3.250000006445009859e+00,1.499999998721693650e+01
7.267267267267267528e+01,3.250000007739998864e+00,1.499999998465858120e+01
7.277277277277278245e+01,3.250000009011422275e+00,1.499999998214632591e+01
7.287287287287287540e+01,3.250000010254064708e+00,1.499999997969040955e+01
7.297297297297298257e+01,3.250000011462504723e+00,1.499999997730147427e+01
7.307307307307307553e+01,3.250000012631112600e+00,1.499999997499056370e+01
7.317317317317318270e+01,3.250000013754051675e+00,1.499999997276912111e+01
7.327327327327327566e+01,3.250000014825277006e+00,1.499999997064898771e+01
7.337337337337338283e+01,3.250000015838536704e+00,1.499999996864240792e+01
7.347347347347347579e+01,3.250000016787370161e+00,1.499999996676202763e+01
7.357357357357358296e+01,3.250000017665110708e+00,1.499999996502089239e+01
7.367367367367367592e+01,3.250000018464882512e+00,1.499999996343244746e+01
7.377377377377378309e+01,3.250000019179603239e+00,1.499999996201053776e+01
7.387387387387387605e+01,3.250000019801983164e+00,1.499999996076941144e+01
7.397397397397398322e+01,3.250000020324523398e+00,1.499999995972371636e+01
7.407407407407407618e+01,3.250000020739518991e+00,1.499999995888850002e+01
7.417417417417418335e+01,3.250000021039056719e+00,1.499999995827921140e+01
7.427427427427427631e+01,3.250000021215016410e+00,1.499999995791169738e+01
7.437437437437438348e+01,3.250000021259069172e+00,1.499999995780221163e+01
7.447447447447447644e+01,3.250000021162679165e+00,1.499999995796740038e+01
7.457457457457458361e+01,3.250000020917103605e+00,1.499999995842431666e+01
7.467467467467467657e+01,3.250000020513390986e+00,1.499999995919041318e+01
7.477477477477478374e+01,3.250000019942382412e+00,1.499999996028353699e+01
7.487487487487487670e+01,3.250000021701519248e+00,1.499999995683120879e+01
7.497497497497498387e+01,3.250000023678556449e+00,1.499999995295435617e+01
7.507507507507507682e+01,3.250000025672561854e+00,1.499999994904496070e+01
7.517517517517518399e+01,3.250000027680572057e+00,1.499999994510877066e+01
7.527527527527527695e+01,3.250000029699509962e+00,1.499999994115175106e+01
7.537537537537538412e+01,3.250000031726184346e+00,1.499999993718008540e+01
7.547547547547547708e+01,3.250000033757291629e+00,1.499999993320017033e+01
7.557557557557558425e+01,3.250000035789413655e+00,1.499999992921862280e+01
7.567567567567567721e+01,3.250000037819020360e+00,1.499999992524227288e+01
7.577577577577578438e+01,3.250000039842467103e+00,1.499999992127817094e+01
7.587587587587587734e+01,3.250000041855996447e+00,1.499999991733358051e+01
7.597597597597598451e+01,3.250000043855737264e+00,1.499999991341598360e+01
7.607607607607607747e+01,3.250000045837705631e+00,1.499999990953308249e+01
7.617617617617618464e+01,3.250000047797803937e+00,1.499999990569278907e+01
7.627627627627627760e+01,3.250000049731820884e+00,1.499999990190323551e+01
7.637637637637638477e+01,3.250000051635432374e+00,1.499999989817277424e+01
7.647647647647647773e+01,3.250000053504200181e+00,1.499999989450996729e+01
7.657657657657658490e+01,3.250000055333573279e+00,1.499999989092359876e+01
7.667667667667667786e+01,3.250000057118887842e+00,1.499999988742266765e+01
7.677677677677678503e+01,3.250000058855365026e+00,1.499999988401638973e+01
7.687687687687687799e+01,3.250000060538114077e+00,1.499999988071419921e+01
7.697697697697698516e+01,3.250000062162130110e+00,1.499999987752574171e+01
7.707707707707707812e+01,3.250000063722295884e+00,1.499999987446088490e+01
7.717717717717718529e+01,3.250000065213379141e+00,1.499999987152971315e+01
7.727727727727727824e+01,3.250000066630035711e+00,1.499999986874252400e+01
7.737737737737738541e+01,3.250000067966807293e+00,1.499999986610983527e+01
7.747747747747747837e+01,3.250000069218122345e+00,1.499999986364237614e+01
7.757757757757758554e+01,3.250000070378296524e+00,1.499999986135110142e+01
7.767767767767767850e+01,3.250000071441530913e+00,1.499999985924717372e+01
7.777777777777778567e+01,3.250000072401914686e+00,1.499999985734197772e+01
7.787787787787787863e+01,3.250000073253422439e+00,1.499999985564711302e+01
7.797797797797798580e+01,3.250000073989915528e+00,1.499999985417439419e+01
7.807807807807807876e+01,3.250000074605142952e+00,1.499999985293585780e+01
7.817817817817818593e+01,3.250000075092739582e+00,1.499999985194375185e+01
7.827827827827827889e+01,3.250000075446227044e+00,1.499999985121054280e+01
7.837837837837838606e+01,3.250000075659012833e+00,1.499999985074891384e+01
7.847847847847847902e+01,3.250000075724392534e+00,1.499999985057176666e+01
7.857857857857858619e+01,3.250000075635547603e+00,1.499999985069221609e+01
7.867867867867867915e+01,3.250000075385545806e+00,1.499999985112359724e+01
7.877877877877878632e+01,3.250000074967342112e+00,1.499999985187945839e+01
7.887887887887887928e+01,3.250000074373777803e+00,1.499999985297356986e+01
7.897897897897898645e+01,3.250000073597580919e+00,1.499999985441991157e+01
7.907907907907907941e+01,3.250000072631365811e+00,1.499999985623268550e+01
7.917917917917918658e+01,3.250000071467634477e+00,1.499999985842631034e+01
7.927927927927927954e+01,3.250000070098773897e+00,1.499999986101541793e+01
7.937937937937938671e+01,3.250000068517059137e+00,1.499999986401485863e+01
7.947947947947947966e+01,3.250000066714651581e+00,1.499999986743970126e+01
7.957957957957958683e+01,3.250000064683598477e+00,1.499999987130522960e+01
7.967967967967967979e+01,3.250000064854295712e+00,1.499999987094642684e+01
7.977977977977978696e+01,3.250000065454397902e+00,1.499999986976524902e+01
7.987987987987987992e+01,3.250000066029840706e+00,1.499999986863326917e+01
7.997997997997998709e+01,3.250000066579768809e+00,1.499999986755214820e+01
8.008008008008008005e+01,3.250000067103314461e+00,1.499999986652356299e+01
8.018018018018018722e+01,3.250000067599597919e+00,1.499999986554921882e+01
8.028028028028028018e+01,3.250000068067728343e+00,1.499999986463084056e+01
8.038038038038038735e+01,3.250000068506801121e+00,1.499999986377017613e+01
8.048048048048048031e+01,3.250000068915901874e+00,1.499999986296899301e+01
8.058058058058058748e+01,3.250000069294102900e+00,1.499999986222908532e+01
8.068068068068068044e+01,3.250000069640464506e+00,1.499999986155226317e+01
8.078078078078078761e+01,3.250000069954035453e+00,1.499999986094036508e+01
8.088088088088088057e+01,3.250000070233852068e+00,1.499999986039524735e+01
8.098098098098098774e+01,3.250000070478939129e+00,1.499999985991879115e+01
8.108108108108108070e+01,3.250000070688308984e+00,1.499999985951289716e+01
8.118118118118118787e+01,3.250000070860963319e+00,1.499999985917948919e+01
8.128128128128128083e+01,3.250000070995889612e+00,1.499999985892051590e+01
8.138138138138138800e+01,3.250000071092065124e+00,1.499999985873794195e+01
8.148148148148148096e+01,3.250000071148454683e+00,1.499999985863376040e+01
8.158158158158158813e+01,3.250000071164010684e+00,1.499999985860998386e+01
8.168168168168168108e+01,3.250000071137673974e+00,1.499999985866864449e+01
8.178178178178178825e+01,3.250000071068373408e+00,1.499999985881180109e+01
8.188188188188188121e+01,3.250000070955025855e+00,1.499999985904153199e+01
8.198198198198198838e+01,3.250000070796535745e+00,1.499999985935993863e+01
8.208208208208208134e+01,3.250000070591796408e+00,1.499999985976914374e+01
8.218218218218218851e+01,3.250000070339688740e+00,1.499999986027129317e+01
8.228228228228228147e+01,3.250000070039080757e+00,1.499999986086855230e+01
8.238238238238238864e+01,3.250000069688830706e+00,1.499999986156311138e+01
8.248248248248248160e+01,3.250000069287782178e+00,1.499999986235718374e+01
8.258258258258258877e+01,3.250000068834768552e+00,1.499999986325300050e+01
8.268268268268268173e+01,3.250000068328611214e+00,1.499999986425281762e+01
8.278278278278278890e+01,3.250000067768118672e+00,1.499999986535891416e+01
8.288288288288288186e+01,3.250000067152088334e+00,1.499999986657359052e+01
8.298298298298298903e+01,3.250000066479304728e+00,1.499999986789916662e+01
8.308308308308308199e+01,3.250000065748540834e+00,1.499999986933798723e+01
8.318318318318318916e+01,3.250000064958558088e+00,1.499999987089242026e+01
8.328328328328328212e+01,3.250000064108105491e+00,1.499999987256485312e+01
8.338338338338338929e+01,3.250000063195920053e+00,1.499999987435769633e+01
8.348348348348348225e+01,3.250000062220726793e+00,1.499999987627338172e+01
8.358358358358358942e+01,3.250000061181238742e+00,1.499999987831436421e+01
8.368368368368368237e+01,3.250000060076157382e+00,1.499999988048312183e+01
8.378378378378378954e+01,3.250000058904171318e+00,1.499999988278215213e+01
8.388388388388388250e+01,3.250000057663958497e+00,1.499999988521397754e+01
8.398398398398398967e+01,3.250000056354183542e+00,1.499999988778113824e+01
8.408408408408408263e+01,3.250000054973499974e+00,1.499999989048620286e+01
8.418418418418418980e+01,3.250000053520548882e+00,1.499999989333175776e+01
8.428428428428428276e+01,3.250000051993959360e+00,1.499999989632041242e+01
8.438438438438438993e+01,3.250000050392348960e+00,1.499999989945479761e+01
8.448448448448448289e+01,3.250000049350251885e+00,1.499999990151136586e+01
8.458458458458459006e+01,3.250000048496264782e+00,1.499999990320622345e+01
8.468468468468468302e+01,3.250000047629472366e+00,1.499999990492673874e+01
8.478478478478479019e+01,3.250000046750641580e+00,1.499999990667139294e+01
8.488488488488488315e+01,3.250000045860558906e+00,1.499999990843862996e+01
8.498498498498499032e+01,3.250000044960026813e+00,1.499999991022686174e+01
8.508508508508508328e+01,3.250000044049866421e+00,1.499999991203446470e+01
8.518518518518519045e+01,3.250000043130915728e+00,1.499999991385977971e+01
8.528528528528528341e+01,3.250000042204030937e+00,1.499999991570111391e+01
8.538538538538539058e+01,3.250000041270085127e+00,1.499999991755673712e+01
8.548548548548549775e+01,3.250000040329969586e+00,1.499999991942488542e+01
8.558558558558559071e+01,3.250000039384592476e+00,1.499999992130376292e+01
8.568568568568569788e+01,3.250000038434880167e+00,1.499999992319153286e+01
8.578578578578579084e+01,3.250000037481776793e+00,1.499999992508633007e+01
8.588588588588589801e+01,3.250000036526242919e+00,1.499999992698625029e+01
8.598598598598599096e+01,3.250000035569258205e+00,1.499999992888935552e+01
8.608608608608609813e+01,3.250000034611818744e+00,1.499999993079367222e+01
8.618618618618619109e+01,3.250000033654938392e+00,1.499999993269719312e+01
8.628628628628629826e+01,3.250000032699649211e+00,1.499999993459787540e+01
8.638638638638639122e+01,3.250000031747000140e+00,1.499999993649364249e+01
8.648648648648649839e+01,3.250000030798057882e+00,1.499999993838238233e+01
8.658658658658659135e+01,3.250000029853906902e+00,1.499999994026194550e+01
8.668668668668669852e+01,3.250000028915649430e+00,1.499999994213015064e+01
8.678678678678679148e+01,3.250000027984404571e+00,1.499999994398478265e+01
8.688688688688689865e+01,3.250000027061309638e+00,1.499999994582358553e+01
8.698698698698699161e+01,3.250000026147519261e+00,1.499999994764427669e+01
8.708708708708709878e+01,3.250000025244205393e+00,1.499999994944453263e+01
8.718718718718719174e+01,3.250000024352558192e+00,1.499999995122199614e+01
8.728728728728729891e+01,3.250000023473785138e+00,1.499999995297427624e+01
8.738738738738739187e+01,3.250000022609111028e+00,1.499999995469894642e+01
8.748748748748749904e+01,3.250000021759778868e+00,1.499999995639354466e+01
8.758758758758759200e+01,3.250000020927047650e+00,1.499999995805557695e+01
8.768768768768769917e+01,3.250000020112196353e+00,1.499999995968251021e+01
8.778778778778779213e+01,3.250000019316519939e+00,1.499999996127177937e+01
8.788788788788789930e+01,3.250000018541330693e+00,1.499999996282078385e+01
8.798798798798799226e+01,3.250000017787959994e+00,1.499999996432688754e+01
8.808808808808809943e+01,3.250000017057754764e+00,1.499999996578742056e+01
8.818818818818819238e+01,3.250000016352081911e+00,1.499999996719967577e+01
8.828828828828829955e+01,3.250000015672323439e+00,1.499999996856091400e+01
8.838838838838839251e+01,3.250000015019880895e+00,1.499999996986836059e+01
8.848848848848849968e+01,3.250000014396171810e+00,1.499999997111920358e+01
8.858858858858859264e+01,3.250000013802633259e+00,1.499999997231060078e+01
8.868868868868869981e+01,3.250000013240717855e+00,1.499999997343966918e+01
8.878878878878879277e+01,3.250000012711896868e+00,1.499999997450349554e+01
8.888888888888889994e+01,3.250000012217659329e+00,1.499999997549912933e+01
8.898898898898899290e+01,3.250000011759510699e+00,1.499999997642358807e+01
8.908908908908910007e+01,3.250000011338975536e+00,1.499999997727385015e+01
8.918918918918919303e+01,3.250000010957594831e+00,1.499999997804686203e+01
8.928928928928930020e+01,3.250000010325810429e+00,1.499999997931336182e+01
8.938938938938939316e+01,3.250000009562699965e+00,1.499999998083861641e+01
8.948948948948950033e+01,3.250000008809122320e+00,1.499999998234495990e+01
8.958958958958959329e+01,3.250000008065550450e+00,1.499999998383144195e+01
8.968968968968970046e+01,3.250000007332459528e+00,1.499999998529710865e+01
8.978978978978979342e+01,3.250000006610326952e+00,1.499999998674100077e+01
8.988988988988990059e+01,3.250000005899632782e+00,1.499999998816215729e+01
8.998998998998999355e+01,3.250000005200858855e+00,1.499999998955960834e+01
9.009009009009010072e+01,3.250000004514489227e+00,1.499999999093238046e+01
9.019019019019019368e+01,3.250000003841010621e+00,1.499999999227949843e+01
9.029029029029030085e+01,3.250000003180911534e+00,1.499999999359997993e+01
9.039039039039039380e+01,3.250000002534683130e+00,1.499999999489283731e+01
9.049049049049050097e+01,3.250000001902818347e+00,1.499999999615707935e+01
9.059059059059059393e+01,3.250000001285813234e+00,1.499999999739170953e+01
9.069069069069070110e+01,3.250000000684165169e+00,1.499999999859572775e+01
9.079079079079079406e+01,3.250000000098373754e+00,1.499999999976812859e+01
9.089089089089090123e+01,3.249999999528941697e+00,1.500000000090790309e+01
9.099099099099099419e+01,3.249999998976373483e+00,1.500000000201403338e+01
9.109109109109110136e+01,3.249999998441175819e+00,1.500000000308550341e+01
9.119119119119119432e+01,3.249999997923857631e+00,1.500000000412128642e+01
9.129129129129130149e+01,3.249999997424930065e+00,1.500000000512035569e+01
9.139139139139139445e+01,3.249999996944906933e+00,1.500000000608167738e+01
9.149149149149150162e+01,3.249999996484303821e+00,1.500000000700421232e+01
9.159159159159159458e+01,3.249999996043638539e+00,1.500000000788691779e+01
9.169169169169170175e+01,3.249999995623431115e+00,1.500000000872874750e+01
9.179179179179179471e+01,3.249999995224204685e+00,1.500000000952864809e+01
9.189189189189190188e+01,3.249999994846483720e+00,1.500000001028556440e+01
9.199199199199199484e+01,3.249999994490794908e+00,1.500000001099843239e+01
9.209209209209210201e+01,3.249999994157668048e+00,1.500000001166618802e+01
9.219219219219219497e+01,3.249999993847634272e+00,1.500000001228776014e+01
9.229229229229230214e+01,3.249999993561227374e+00,1.500000001286207230e+01
9.239239239239239510e+01,3.249999993298983814e+00,1.500000001338804445e+01
9.249249249249250227e+01,3.249999993061440939e+00,1.500000001386459125e+01
9.259259259259259522e+01,3.249999992849139652e+00,1.500000001429062557e+01
9.269269269269270239e+01,3.249999992662623072e+00,1.500000001466505140e+01
9.279279279279279535e+01,3.249999992502436097e+00,1.500000001498676916e+01
9.289289289289290252e+01,3.249999992369125401e+00,1.500000001525467752e+01
9.299299299299299548e+01,3.249999992263240767e+00,1.500000001546766626e+01
9.309309309309310265e+01,3.249999992185334641e+00,1.500000001562462337e+01
9.319319319319319561e+01,3.249999992135959914e+00,1.500000001572442976e+01
9.329329329329330278e+01,3.249999992115673919e+00,1.500000001576596631e+01
9.339339339339339574e+01,3.249999992125034431e+00,1.500000001574810149e+01
9.349349349349350291e+01,3.249999992164602336e+00,1.500000001566970909e+01
9.359359359359359587e+01,3.249999992234940738e+00,1.500000001552964868e+01
9.369369369369370304e+01,3.249999992336614518e+00,1.500000001532677985e+01
9.379379379379379600e+01,3.249999992470192112e+00,1.500000001505995861e+01
9.389389389389390317e+01,3.249999992636242396e+00,1.500000001472803390e+01
9.399399399399399613e+01,3.249999992835337803e+00,1.500000001432985108e+01
9.409409409409410330e+01,3.249999994682496229e+00,1.500000001065439292e+01
9.419419419419419626e+01,3.249999994481239440e+00,1.500000001105782488e+01
9.429429429429430343e+01,3.249999994299993755e+00,1.500000001142132433e+01
9.439439439439439639e+01,3.249999994138159209e+00,1.500000001174608144e+01
9.449449449449450356e+01,3.249999993995134950e+00,1.500000001203328814e+01
9.459459459459459651e+01,3.249999993870320569e+00,1.500000001228413637e+01
9.469469469469470368e+01,3.249999993763115658e+00,1.500000001249981985e+01
9.479479479479479664e+01,3.249999993672920251e+00,1.500000001268152872e+01
9.489489489489490381e+01,3.249999993599133497e+00,1.500000001283045492e+01
9.499499499499499677e+01,3.249999993541154986e+00,1.500000001294779217e+01
9.509509509509510394e+01,3.249999993498384310e+00,1.500000001303473240e+01
9.519519519519519690e+01,3.249999993470221060e+00,1.500000001309246578e+01
9.529529529529530407e+01,3.249999993456065273e+00,1.500000001312218600e+01
9.539539539539539703e+01,3.249999993455315650e+00,1.500000001312508502e+01
9.549549549549550420e+01,3.249999993467372672e+00,1.500000001310235298e+01
9.559559559559559716e+01,3.249999993491635042e+00,1.500000001305518538e+01
9.569569569569570433e+01,3.249999993527503239e+00,1.500000001298477237e+01
9.579579579579579729e+01,3.249999993574375967e+00,1.500000001289230589e+01
9.589589589589590446e+01,3.249999993631653705e+00,1.500000001277897788e+01
9.599599599599599742e+01,3.249999993698735157e+00,1.500000001264598026e+01
9.609609609609610459e+01,3.249999993775020357e+00,1.500000001249450676e+01
9.619619619619619755e+01,3.249999993859908898e+00,1.500000001232574753e+01
9.629629629629630472e+01,3.249999993952799926e+00,1.500000001214089629e+01
9.639639639639639768e+01,3.249999994053093921e+00,1.500000001194114319e+01
9.649649649649650485e+01,3.249999994160189587e+00,1.500000001172768194e+01
9.659659659659659781e+01,3.249999994273486958e+00,1.500000001150170448e+01
9.669669669669670498e+01,3.249999994392385183e+00,1.500000001126440274e+01
9.679679679679679793e+01,3.249999994516284296e+00,1.500000001101696689e+01
9.689689689689690510e+01,3.249999994644583889e+00,1.500000001076059242e+01
9.699699699699699806e+01,3.249999994776683110e+00,1.500000001049646947e+01
9.709709709709710523e+01,3.249999994911981993e+00,1.500000001022578822e+01
9.719719719719719819e+01,3.249999995049879686e+00,1.500000000994974414e+01
9.729729729729730536e+01,3.249999995189776225e+00,1.500000000966952740e+01
9.739739739739739832e+01,3.249999995331070757e+00,1.500000000938633171e+01
9.749749749749750549e+01,3.249999995473163317e+00,1.500000000910134723e+01
9.759759759759759845e+01,3.249999995615453052e+00,1.500000000881576590e+01
9.769769769769770562e+01,3.249999995757339555e+00,1.500000000853078319e+01
9.779779779779779858e+01,3.249999995898222860e+00,1.500000000824758573e+01
9.789789789789790575e+01,3.249999996037502115e+00,1.500000000796737076e+01
9.799799799799799871e+01,3.249999996174576911e+00,1.500000000769132669e+01
9.809809809809810588e+01,3.249999996308846839e+00,1.500000000742064721e+01
9.819819819819819884e+01,3.249999996439711936e+00,1.500000000715652604e+01
9.829829829829830601e+01,3.249999996566571348e+00,1.500000000690015156e+01
9.839839839839839897e+01,3.249999996688824222e+00,1.500000000665271749e+01
9.849849849849850614e+01,3.249999996805871039e+00,1.500000000641541753e+01
9.859859859859859910e+01,3.249999996917110945e+00,1.500000000618944007e+01
9.869869869869870627e+01,3.249999997021943976e+00,1.500000000597598238e+01
9.879879879879879923e+01,3.249999997119768835e+00,1.500000000577623105e+01
9.889889889889890640e+01,3.249999997412205133e+00,1.500000000519177767e+01
9.899899899899899935e+01,3.249999997913990857e+00,1.500000000419350066e+01
9.909909909909910652e+01,3.249999998421412961e+00,1.500000000318396332e+01
9.919919919919919948e+01,3.249999998934036238e+00,1.500000000216403251e+01
9.929929929929930665e+01,3.249999999451425481e+00,1.500000000113456977e+01
9.939939939939939961e+01,3.249999999973146814e+00,1.500000000009644374e+01
9.949949949949950678e+01,3.250000000498765473e+00,1.499999999905051595e+01
9.959959959959959974e+01,3.250000001027845808e+00,1.499999999799765149e+01
9.969969969969970691e+01,3.250000001559953944e+00,1.499999999693871544e+01
9.979979979979979987e+01,3.250000002094654672e+00,1.499999999587457289e+01
9.989989989989990704e+01,3.250000002631513674e+00,1.499999999480608892e+01
1.000000000000000000e+02,3.250000003170095741e+00,1.499999999373412685e+01
